time,track_id
2026-09-16 22:56:53,1
2026-09-16 22:57:01,3
2026-09-16 22:57:10,5
2026-09-16 23:05:26,1
2026-09-16 23:05:34,3
2026-09-16 23:05:42,5
2026-09-16 23:05:51,7
2026-09-17 21:14:47,2
2026-09-17 21:14:52,4
2026-09-17 21:15:02,22
2026-09-17 21:16:06,439
2026-09-17 21:16:09,534
2026-09-17 21:16:18,743
2026-09-17 21:16:39,970
2026-09-17 21:16:40,1037
2026-09-17 21:16:40,1088
2026-09-17 21:17:03,1243
2026-09-17 21:17:06,1343
2026-09-17 21:17:07,1297
2026-09-17 21:17:29,1535
2026-09-17 21:17:36,1616
2026-09-17 21:17:41,1511
2026-09-17 21:18:11,1
2026-09-17 21:18:11,2
2026-09-17 21:18:14,127
2026-09-17 21:18:16,103
2026-09-17 21:18:16,4
2026-09-17 21:18:19,9
2026-09-17 21:18:20,88
2026-09-17 21:18:36,221
2026-09-17 21:18:38,226
2026-09-17 21:18:47,376
2026-09-17 21:18:50,481
2026-09-17 21:18:55,504
2026-09-17 21:22:58,5
2026-09-17 21:23:13,258
2026-09-17 21:37:01,479
2026-09-17 21:37:06,568
2026-09-17 21:50:37,10
2026-09-17 21:50:40,12
2026-09-17 21:50:50,118
2026-09-17 21:51:31,78
2026-09-17 21:52:27,5
2026-09-17 21:53:28,158
2026-09-17 21:53:36,232
2026-09-17 21:56:01,151
2026-09-17 21:56:08,150
2026-09-17 21:56:11,236
2026-09-17 21:56:13,301
2026-09-17 21:56:18,357
2026-09-17 21:56:27,376
2026-09-17 21:56:55,746
2026-09-17 21:56:57,760
2026-09-17 21:57:00,788
2026-09-17 21:57:00,770
2026-09-18 20:12:10,310
2026-09-18 20:16:35,77
2026-09-18 21:33:41,1
2026-09-18 21:33:48,2
2026-09-18 21:33:56,3
2026-09-18 21:38:25,1
2026-09-18 21:38:32,2
2026-09-18 21:40:43,1
2026-09-18 21:40:51,2
2026-09-18 21:40:59,3
