time,track_id,missing_item
2026-09-18 22:19:55,1,NO_HARDHAT
2026-09-18 22:19:55,1,NO_SAFETY_VEST
2026-09-18 22:20:05,1,NO_SAFETY_VEST
2026-09-18 22:30:08,1,NO_HARDHAT
2026-09-18 22:30:08,1,NO_SAFETY_VEST
2026-09-18 23:05:47,1,NO_HARDHAT
2026-09-18 23:05:47,1,NO_SAFETY_VEST
2026-09-18 23:19:08,7,NO_SAFETY_VEST
2026-09-20 18:13:30,800,NO_SAFETY_VEST
2026-09-24 17:08:22,181,NO_SAFETY_VEST
2026-09-24 17:08:29,205,NO_SAFETY_VEST
2026-09-24 17:09:25,17,NO_SAFETY_VEST
2026-09-24 17:13:47,2,NO_SAFETY_VEST
2026-09-24 17:23:41,10,NO_SAFETY_VEST
2026-09-24 17:23:55,5,NO_SAFETY_VEST
2026-09-24 17:23:55,307,NO_SAFETY_VEST
2026-09-24 17:24:43,5,NO_SAFETY_VEST
2026-09-25 12:26:50,139,NO_SAFETY_VEST
2026-09-25 12:26:59,258,NO_SAFETY_VEST
2026-09-25 12:26:59,12,NO_SAFETY_VEST
2026-09-25 12:27:12,292,NO_SAFETY_VEST
2026-09-25 12:27:15,13,NO_SAFETY_VEST
2026-09-25 12:27:21,451,NO_SAFETY_VEST
2026-09-25 12:27:22,6,NO_SAFETY_VEST
2026-09-25 12:27:23,292,NO_SAFETY_VEST
2026-09-25 12:27:24,535,NO_SAFETY_VEST
2026-09-25 12:27:27,13,NO_SAFETY_VEST
2026-09-25 12:44:07,5,NO_SAFETY_VEST
2026-09-25 12:54:16,3,NO_SAFETY_VEST
2026-09-25 12:54:28,5,NO_SAFETY_VEST
2026-09-25 13:00:12,103,NO_SAFETY_VEST
2026-09-25 14:45:42,219,NO_SAFETY_VEST
2026-09-25 14:45:42,51,NO_SAFETY_VEST
2026-09-25 15:09:34,10,NO_SAFETY_VEST
2026-09-25 15:09:40,15,NO_SAFETY_VEST
2026-09-25 15:12:20,6,NO_SAFETY_VEST
2026-09-25 15:12:29,8,NO_SAFETY_VEST
2026-09-25 15:12:35,376,NO_SAFETY_VEST
2026-09-25 15:12:39,372,NO_SAFETY_VEST
2026-09-25 15:13:38,792,NO_SAFETY_VEST
2026-09-27 19:54:17,1,NO_HARDHAT
2026-09-27 19:54:17,1,NO_SAFETY_VEST
2026-10-04 23:45:41,3,NO_SAFETY_VEST
2026-10-04 23:45:45,5,NO_SAFETY_VEST
2026-10-04 23:45:45,6,NO_SAFETY_VEST
2026-10-05 00:03:05,3,NO_SAFETY_VEST
2026-10-05 00:03:17,6,NO_SAFETY_VEST
2026-10-05 00:03:17,6,NO_HARDHAT
2026-10-05 00:03:41,8,NO_SAFETY_VEST
2026-10-05 00:04:22,2,NO_SAFETY_VEST
2026-10-05 00:04:23,3,NO_SAFETY_VEST
2026-10-05 00:04:23,1,NO_SAFETY_VEST
2026-10-05 00:04:38,3,NO_SAFETY_VEST
2026-10-05 00:27:11,2,NO_SAFETY_VEST
2026-10-05 00:27:11,2,NO_HARDHAT
2026-10-05 00:38:18,3,NO_SAFETY_VEST
2026-10-05 00:38:19,2,NO_SAFETY_VEST
2026-10-05 00:38:29,5,NO_SAFETY_VEST
2026-10-05 00:40:05,2,NO_SAFETY_VEST
2026-10-05 00:40:06,2,NO_HARDHAT
2026-10-05 00:53:43,3,NO_SAFETY_VEST
