time,track_id,zone_number,level
2026-10-04 23:15:10,3,1,위험
2026-10-04 23:15:35,6,1,경고
2026-10-05 00:03:42,8,1,위험
2026-10-05 18:05:36,698,1,위험
2026-10-05 18:05:36,673,1,위험
2026-10-05 18:05:36,599,1,위험
2026-10-05 18:05:36,684,1,위험
2026-10-05 18:05:36,716,1,위험
2026-10-05 18:05:38,731,1,위험
2026-10-05 18:05:38,732,1,위험
2026-10-05 18:05:39,739,1,위험
2026-10-07 16:47:12,4887,1,경고
2026-10-07 16:47:12,5118,1,경고
2026-10-07 16:47:12,5341,1,경고
2026-10-07 16:47:12,4567,1,경고
2026-10-07 16:47:13,4516,1,경고
2026-10-07 16:47:13,5424,1,경고
2026-10-07 16:47:13,5503,1,경고
2026-10-07 16:47:14,4273,1,경고
2026-10-07 16:47:14,5550,1,경고
2026-10-07 16:47:14,5580,1,경고
2026-10-07 16:47:15,5599,1,경고
2026-10-07 16:47:17,5741,1,경고
2026-10-07 16:47:19,5613,1,경고
2026-10-07 16:47:19,5749,1,경고
2026-10-07 16:47:20,5986,1,경고
2026-10-07 16:47:21,6075,1,경고
2026-10-07 16:47:23,5839,1,경고
2026-10-07 16:47:23,6197,1,경고
2026-10-07 16:47:24,6265,1,경고
2026-10-07 16:47:25,6291,1,경고
2026-10-07 16:47:26,6340,1,경고
2026-10-07 16:47:26,6211,1,경고
2026-10-07 16:47:26,5580,1,경고
2026-10-07 16:47:26,6393,1,경고
2026-10-07 16:47:27,6422,1,경고
2026-10-07 16:47:28,5842,1,경고
2026-10-07 16:47:28,6490,1,경고
2026-10-07 16:47:30,6586,1,경고
2026-10-07 16:47:30,6598,1,경고
2026-10-07 16:47:31,6647,1,경고
2026-10-07 16:47:31,6670,1,경고
2026-10-09 23:31:01,464,1,위험
2026-10-09 23:31:03,390,1,위험
